key,caption,instantiation-moment,message,hyperlink,flag
post-01,Title1,2022/11/21 10:00,They are everywhere!,https://www.post.com,true
post-02,Title2,2021/11/04 10:00,Beware of white shadows!,https://www.post.com,false
post-03,Title3,2022/10/22 01:00,Sopa,https://www.culebras.com,true
post-04,Title4,2022/11/21 02:20,Puchero,https://www.google.com,true
post-05,Title5,2022/11/21 02:20,Donde estais mi gente,https://www.twitter.com,true
post-06,Title6,2022/10/21 10:03,dkownevrkjveijn,https://www.instagram.com,true
post-07,Title7,2022/10/14 17:47,asedeje,https://www.linkedin.com,true
post-08,Title8,2022/11/20 15:50,Un poco de seriedad por favor,https://www.facebook.com,false
post-09,Title9,2022/11/20 17:44,Que tu te lo crees,https://www.ev.com,false
post-10,Title10,2022/10/21 19:07,No se me ocurre nada mas,https://www.carasopa.com,false
post-11,Title11,2021/11/07 04:40,Esto es una historia de,https://www.almendras.com,true
post-12,Title12,2022/11/21 10:47,4 amigos que se fueron de,https://www.youtube.com,false
post-13,Title13,2021/11/01 08:00,excursión al río,https://www.videosgraciosos.com,true
post-14,Title14,2021/11/01 09:30,Allí vieron un gran descubrimiento,https://www.cuentos.com,false
post-15,Title15,2022/10/21 14:00,Una sombra asomarse entre los matorrales,https://www.miedo.com,true
post-16,Title16,2012/11/01 16:00,era el monitor!!! jajajajaja ,https://www.post1.com,false
post-17,Title17,2013/11/01 18:00,hola,https://www.post2.com,true
post-18,Title18,2014/01/02 20:00,a,https://www.post3.com,false
post-19,Title19,2012/08/23 15:27,Luis,https://www.post4.com,true
post-20,Title20,2012/12/12 12:12,Regina,https://www.post5.com,false
post-21,Title21,2022/08/24 21:22,Dani,https://www.post6.com,true
post-22,Title22,2022/08/25 23:20,Bogdan,https://www.post77.com,true
post-23,Title23,1962/01/15 05:50,They are!,https://www.post66.com,true
post-24,Title24,2022/08/21 13:14,White shadows?,https://www.post45.com,true
post-25,Title25,2020/01/12 12:00,Everywhere!,https://www.post7777.com,true
post-26,Title26,2022/01/06 11:00,Be water my friend,https://www.maleficio.com,false