key,caption,author-alias,instantiation-moment,message,email
blink-01,Title1,Writer1,2022/11/21 10:00,Text,blink1@gmail.com
blink-02,Title2,Writer2,2021/10/01 10:00,Text,blink2@gmail.com
blink-03,Title3,Writer3,2022/11/20 01:00,Text,blink3@gmail.com
blink-04,Title4,Writer4,2022/11/21 02:20,Text,blink4@gmail.com
blink-05,Title5,Writer5,2021/10/25 23:23,Text,blink5@gmail.com
blink-06,Title6,Writer6,2022/10/21 10:03,Text,blink3@gmail.com
blink-07,Title7,Writer7,2022/11/21 17:47,Text,blink3@gmail.com
blink-08,Title8,Writer8,2022/10/11 15:50,Text,blink111@gmail.com
blink-09,Title9,Writer9,2022/11/21 17:44,Text,blink3345@gmail.com
blink-10,Title10,Writer10,2022/02/21 19:07,Text,blink135t5@gmail.com
blink-11,Title11,Writer11,2021/07/07 04:40,Text,blinkegs2@gmail.com
blink-12,Title12,Writer12,2022/08/23 07:00,Text,blink3ssgfd@gmail.com
blink-13,Title13,Writer13,2020/08/01 08:00,Text,chirthrdhp1@gmail.com
blink-14,Title14,Writer14,2020/09/01 09:30,Text,chirfhghp2@gmail.com
blink-15,Title15,Writer15,2022/11/21 14:00,Text,chijujrp3@gmail.com
blink-16,Title16,Writer16,2022/08/24 16:00,Text,blinkyjyr61@gmail.com
blink-17,Title17,Writer17,2003/12/01 18:00,Text,chhggirp2@gmail.com
blink-18,Title18,Writer18,2004/01/02 20:00,Text,blinkggg3@gmail.com
blink-19,Title19,Writer19,2005/06/07 15:27,Text,blinkjjj1@gmail.com
blink-20,Title20,Writer20,2022/11/21 12:12,Text,chirtyddp2@gmail.com
blink-21,Title21,Writer21,1962/01/15 05:50,Text,shirp3@gmail.com
